[
  {
    "name": "Bulbasaur",
    "type1": "Grass",
    "type2": "Poison",
    "evolution_stage": 1,
    "total_evolutions": 3,
    "color": "Green"
  },
  {
    "name": "Ivysaur",
    "type1": "Grass",
    "type2": "Poison",
    "evolution_stage": 2,
    "total_evolutions": 3,
    "color": "Green"
  },
  {
    "name": "Venusaur",
    "type1": "Grass",
    "type2": "Poison",
    "evolution_stage": 3,
    "total_evolutions": 3,
    "color": "Green"
  },
  {
    "name": "Charmander",
    "type1": "Fire",
    "type2": null,
    "evolution_stage": 1,
    "total_evolutions": 3,
    "color": "Red"
  },
  {
    "name": "Charmeleon",
    "type1": "Fire",
    "type2": null,
    "evolution_stage": 2,
    "total_evolutions": 3,
    "color": "Red"
  },
  {
    "name": "Charizard",
    "type1": "Fire",
    "type2": "Flying",
    "evolution_stage": 3,
    "total_evolutions": 3,
    "color": "Red"
  },
  {
    "name": "Squirtle",
    "type1": "Water",
    "type2": null,
    "evolution_stage": 1,
    "total_evolutions": 3,
    "color": "Blue"
  },
  {
    "name": "Wartortle",
    "type1": "Water",
    "type2": null,
    "evolution_stage": 2,
    "total_evolutions": 3,
    "color": "Blue"
  },
  {
    "name": "Blastoise",
    "type1": "Water",
    "type2": null,
    "evolution_stage": 3,
    "total_evolutions": 3,
    "color": "Blue"
  },
  {
    "name": "Caterpie",
    "type1": "Bug",
    "type2": null,
    "evolution_stage": 1,
    "total_evolutions": 3,
    "color": "Green"
  },
  {
    "name": "Metapod",
    "type1": "Bug",
    "type2": null,
    "evolution_stage": 2,
    "total_evolutions": 3,
    "color": "Green"
  },
  {
    "name": "Butterfree",
    "type1": "Bug",
    "type2": "Flying",
    "evolution_stage": 3,
    "total_evolutions": 3,
    "color": "Purple"
  },
  {
    "name": "Weedle",
    "type1": "Bug",
    "type2": "Poison",
    "evolution_stage": 1,
    "total_evolutions": 3,
    "color": "Brown"
  },
  {
    "name": "Kakuna",
    "type1": "Bug",
    "type2": "Poison",
    "evolution_stage": 2,
    "total_evolutions": 3,
    "color": "Yellow"
  },
  {
    "name": "Beedrill",
    "type1": "Bug",
    "type2": "Poison",
    "evolution_stage": 3,
    "total_evolutions": 3,
    "color": "Yellow"
  },
  {
    "name": "Pidgey",
    "type1": "Normal",
    "type2": "Flying",
    "evolution_stage": 1,
    "total_evolutions": 3,
    "color": "Brown"
  },
  {
    "name": "Pidgeotto",
    "type1": "Normal",
    "type2": "Flying",
    "evolution_stage": 2,
    "total_evolutions": 3,
    "color": "Brown"
  },
  {
    "name": "Pidgeot",
    "type1": "Normal",
    "type2": "Flying",
    "evolution_stage": 3,
    "total_evolutions": 3,
    "color": "Brown"
  },
  {
    "name": "Rattata",
    "type1": "Normal",
    "type2": null,
    "evolution_stage": 1,
    "total_evolutions": 2,
    "color": "Purple"
  },
  {
    "name": "Raticate",
    "type1": "Normal",
    "type2": null,
    "evolution_stage": 2,
    "total_evolutions": 2,
    "color": "Brown"
  },
  {
    "name": "Pikachu",
    "type1": "Electric",
    "type2": null,
    "evolution_stage": 2,
    "total_evolutions": 2,
    "color": "Yellow"
  },
  {
    "name": "Raichu",
    "type1": "Electric",
    "type2": null,
    "evolution_stage": 3,
    "total_evolutions": 2,
    "color": "Yellow"
  },
  {
    "name": "Sandshrew",
    "type1": "Ground",
    "type2": null,
    "evolution_stage": 1,
    "total_evolutions": 2,
    "color": "Yellow"
  },
  {
    "name": "Sandslash",
    "type1": "Ground",
    "type2": null,
    "evolution_stage": 2,
    "total_evolutions": 2,
    "color": "Yellow"
  },
  {
    "name": "Nidoran♀",
    "type1": "Poison",
    "type2": null,
    "evolution_stage": 1,
    "total_evolutions": 3,
    "color": "Blue"
  },
  {
    "name": "Nidorina",
    "type1": "Poison",
    "type2": null,
    "evolution_stage": 2,
    "total_evolutions": 3,
    "color": "Blue"
  },
  {
    "name": "Nidoqueen",
    "type1": "Poison",
    "type2": "Ground",
    "evolution_stage": 3,
    "total_evolutions": 3,
    "color": "Blue"
  },
  {
    "name": "Nidoran♂",
    "type1": "Poison",
    "type2": null,
    "evolution_stage": 1,
    "total_evolutions": 3,
    "color": "Purple"
  },
  {
    "name": "Nidorino",
    "type1": "Poison",
    "type2": null,
    "evolution_stage": 2,
    "total_evolutions": 3,
    "color": "Purple"
  },
  {
    "name": "Nidoking",
    "type1": "Poison",
    "type2": "Ground",
    "evolution_stage": 3,
    "total_evolutions": 3,
    "color": "Purple"
  }
]